"_id","en","pt","es","type"
"419","Latin America and the Caribbean","América Latina e Caribe","América Latina y Caribe","region"
"029","Caribbean","Caribe","Caribe","region"
"013","Central America","América Central","América Central","region"
"005","South America","América do Sul","Sudamérica","region"
"AF","Afghanistan","Afeganistão","Afganistán","country"
"AX","Åland Islands","Ilhas Åland","Islas Åland","country"
"AL","Albania","Albânia","Albania","country"
"DZ","Algeria","Argélia","Argelia","country"
"AS","American Samoa","Samoa Americana","Samoa Americana","country"
"AD","Andorra","Andorra","Andorra","country"
"AO","Angola","Angola","Angola","country"
"AI","Anguilla","Anguilla","Anguila","country"
"AQ","Antarctica","Antártida","Antártida","country"
"AG","Antigua & Barbuda","Antígua e Barbuda","Antigua y Barbuda","country"
"AR","Argentina","Argentina","Argentina","country"
"AM","Armenia","Armênia","Armenia","country"
"AW","Aruba","Aruba","Aruba","country"
"AC","Ascension Island","Ilha de Ascensão","Isla de la Ascensión","country"
"AU","Australia","Austrália","Australia","country"
"AT","Austria","Áustria","Austria","country"
"AZ","Azerbaijan","Azerbaijão","Azerbaiyán","country"
"BS","Bahamas","Bahamas","Bahamas","country"
"BH","Bahrain","Bahrein","Baréin","country"
"BD","Bangladesh","Bangladesh","Bangladés","country"
"BB","Barbados","Barbados","Barbados","country"
"BY","Belarus","Bielorrússia","Bielorrusia","country"
"BE","Belgium","Bélgica","Bélgica","country"
"BZ","Belize","Belize","Belice","country"
"BJ","Benin","Benin","Benín","country"
"BM","Bermuda","Bermudas","Bermudas","country"
"BT","Bhutan","Butão","Bután","country"
"BO","Bolivia","Bolívia","Bolivia","country"
"BA","Bosnia & Herzegovina","Bósnia e Herzegovina","Bosnia-Herzegovina","country"
"BW","Botswana","Botsuana","Botsuana","country"
"BR","Brazil","Brasil","Brasil","country"
"IO","British Indian Ocean Territory","Território Britânico do Oceano Índico","Territorio Británico del Océano Índico","country"
"VG","British Virgin Islands","Ilhas Virgens Britânicas","Islas Vírgenes Británicas","country"
"BN","Brunei","Brunei","Brunéi","country"
"BG","Bulgaria","Bulgária","Bulgaria","country"
"BF","Burkina Faso","Burquina Faso","Burkina Faso","country"
"BI","Burundi","Burundi","Burundi","country"
"KH","Cambodia","Camboja","Camboya","country"
"CM","Cameroon","República dos Camarões","Camerún","country"
"CA","Canada","Canadá","Canadá","country"
"IC","Canary Islands","Ilhas Canárias","islas Canarias","country"
"CV","Cape Verde","Cabo Verde","Cabo Verde","country"
"BQ","Caribbean Netherlands","Países Baixos Caribenhos","Caribe neerlandés","country"
"KY","Cayman Islands","Ilhas Caiman","Islas Caimán","country"
"CF","Central African Republic","República Centro-Africana","República Centroafricana","country"
"EA","Ceuta & Melilla","Ceuta e Melilha","Ceuta y Melilla","country"
"TD","Chad","Chade","Chad","country"
"CL","Chile","Chile","Chile","country"
"CN","China","China","China","country"
"CX","Christmas Island","Ilha Christmas","Isla Christmas","country"
"CC","Cocos (Keeling) Islands","Ilhas Cocos (Keeling)","Islas Cocos","country"
"CO","Colombia","Colômbia","Colombia","country"
"KM","Comoros","Comores","Comoras","country"
"CG","Congo - Brazzaville","Congo - Brazzaville","República del Congo","country"
"CD","Congo - Kinshasa","Congo - Kinshasa","República Democrática del Congo","country"
"CK","Cook Islands","Ilhas Cook","Islas Cook","country"
"CR","Costa Rica","Costa Rica","Costa Rica","country"
"CI","Côte d’Ivoire","Costa do Marfim","Costa de Marfil","country"
"HR","Croatia","Croácia","Croacia","country"
"CU","Cuba","Cuba","Cuba","country"
"CW","Curaçao","Curaçao","Curazao","country"
"CY","Cyprus","Chipre","Chipre","country"
"CZ","Czech Republic","República Tcheca","República Checa","country"
"DK","Denmark","Dinamarca","Dinamarca","country"
"DG","Diego Garcia","Diego Garcia","Diego García","country"
"DJ","Djibouti","Djibuti","Yibuti","country"
"DM","Dominica","Dominica","Dominica","country"
"DO","Dominican Republic","República Dominicana","República Dominicana","country"
"EC","Ecuador","Equador","Ecuador","country"
"EG","Egypt","Egito","Egipto","country"
"SV","El Salvador","El Salvador","El Salvador","country"
"GQ","Equatorial Guinea","Guiné Equatorial","Guinea Ecuatorial","country"
"ER","Eritrea","Eritreia","Eritrea","country"
"EE","Estonia","Estônia","Estonia","country"
"ET","Ethiopia","Etiópia","Etiopía","country"
"FK","Falkland Islands","Ilhas Malvinas","Islas Malvinas","country"
"FO","Faroe Islands","Ilhas Faroe","Islas Feroe","country"
"FJ","Fiji","Fiji","Fiyi","country"
"FI","Finland","Finlândia","Finlandia","country"
"FR","France","França","Francia","country"
"GF","French Guiana","Guiana Francesa","Guayana Francesa","country"
"PF","French Polynesia","Polinésia Francesa","Polinesia Francesa","country"
"TF","French Southern Territories","Territórios Franceses do Sul","Territorios Australes Franceses","country"
"GA","Gabon","Gabão","Gabón","country"
"GM","Gambia","Gâmbia","Gambia","country"
"GE","Georgia","Geórgia","Georgia","country"
"DE","Germany","Alemanha","Alemania","country"
"GH","Ghana","Gana","Ghana","country"
"GI","Gibraltar","Gibraltar","Gibraltar","country"
"GR","Greece","Grécia","Grecia","country"
"GL","Greenland","Groenlândia","Groenlandia","country"
"GD","Grenada","Granada","Granada","country"
"GP","Guadeloupe","Guadalupe","Guadalupe","country"
"GU","Guam","Guam","Guam","country"
"GT","Guatemala","Guatemala","Guatemala","country"
"GG","Guernsey","Guernsey","Guernesey","country"
"GN","Guinea","Guiné","Guinea","country"
"GW","Guinea-Bissau","Guiné Bissau","Guinea-Bisáu","country"
"GY","Guyana","Guiana","Guyana","country"
"HT","Haiti","Haiti","Haití","country"
"HN","Honduras","Honduras","Honduras","country"
"HK","Hong Kong SAR China","Hong Kong, RAE da China","RAE de Hong Kong (China)","country"
"HU","Hungary","Hungria","Hungría","country"
"IS","Iceland","Islândia","Islandia","country"
"IN","India","Índia","India","country"
"ID","Indonesia","Indonésia","Indonesia","country"
"IR","Iran","Irã","Irán","country"
"IQ","Iraq","Iraque","Iraq","country"
"IE","Ireland","Irlanda","Irlanda","country"
"IM","Isle of Man","Ilha de Man","Isla de Man","country"
"IL","Israel","Israel","Israel","country"
"IT","Italy","Itália","Italia","country"
"JM","Jamaica","Jamaica","Jamaica","country"
"JP","Japan","Japão","Japón","country"
"JE","Jersey","Jersey","Jersey","country"
"JO","Jordan","Jordânia","Jordania","country"
"KZ","Kazakhstan","Cazaquistão","Kazajistán","country"
"KE","Kenya","Quênia","Kenia","country"
"KI","Kiribati","Quiribati","Kiribati","country"
"XK","Kosovo","Kosovo","Kosovo","country"
"KW","Kuwait","Kuwait","Kuwait","country"
"KG","Kyrgyzstan","Quirguistão","Kirguistán","country"
"LA","Laos","Laos","Laos","country"
"LV","Latvia","Letônia","Letonia","country"
"LB","Lebanon","Líbano","Líbano","country"
"LS","Lesotho","Lesoto","Lesoto","country"
"LR","Liberia","Libéria","Liberia","country"
"LY","Libya","Líbia","Libia","country"
"LI","Liechtenstein","Liechtenstein","Liechtenstein","country"
"LT","Lithuania","Lituânia","Lituania","country"
"LU","Luxembourg","Luxemburgo","Luxemburgo","country"
"MO","Macau SAR China","Macau, RAE da China","RAE de Macao (China)","country"
"MK","Macedonia","Macedônia","Macedonia","country"
"MG","Madagascar","Madagascar","Madagascar","country"
"MW","Malawi","Malawi","Malaui","country"
"MY","Malaysia","Malásia","Malasia","country"
"MV","Maldives","Maldivas","Maldivas","country"
"ML","Mali","Mali","Mali","country"
"MT","Malta","Malta","Malta","country"
"MH","Marshall Islands","Ilhas Marshall","Islas Marshall","country"
"MQ","Martinique","Martinica","Martinica","country"
"MR","Mauritania","Mauritânia","Mauritania","country"
"MU","Mauritius","Maurício","Mauricio","country"
"YT","Mayotte","Mayotte","Mayotte","country"
"MX","Mexico","México","México","country"
"FM","Micronesia","Micronésia","Micronesia","country"
"MD","Moldova","Moldávia","Moldavia","country"
"MC","Monaco","Mônaco","Mónaco","country"
"MN","Mongolia","Mongólia","Mongolia","country"
"ME","Montenegro","Montenegro","Montenegro","country"
"MS","Montserrat","Montserrat","Montserrat","country"
"MA","Morocco","Marrocos","Marruecos","country"
"MZ","Mozambique","Moçambique","Mozambique","country"
"MM","Myanmar (Burma)","Mianmar (Birmânia)","Myanmar (Birmania)","country"
"NA","Namibia","Namíbia","Namibia","country"
"NR","Nauru","Nauru","Nauru","country"
"NP","Nepal","Nepal","Nepal","country"
"NL","Netherlands","Holanda","Países Bajos","country"
"NC","New Caledonia","Nova Caledônia","Nueva Caledonia","country"
"NZ","New Zealand","Nova Zelândia","Nueva Zelanda","country"
"NI","Nicaragua","Nicarágua","Nicaragua","country"
"NE","Niger","Níger","Níger","country"
"NG","Nigeria","Nigéria","Nigeria","country"
"NU","Niue","Niue","Isla Niue","country"
"NF","Norfolk Island","Ilha Norfolk","Isla Norfolk","country"
"KP","North Korea","Coreia do Norte","Corea del Norte","country"
"MP","Northern Mariana Islands","Ilhas Marianas do Norte","Islas Marianas del Norte","country"
"NO","Norway","Noruega","Noruega","country"
"OM","Oman","Omã","Omán","country"
"PK","Pakistan","Paquistão","Pakistán","country"
"PW","Palau","Palau","Palau","country"
"PS","Palestinian Territories","Territórios palestinos","Territorios Palestinos","country"
"PA","Panama","Panamá","Panamá","country"
"PG","Papua New Guinea","Papua-Nova Guiné","Papúa Nueva Guinea","country"
"PY","Paraguay","Paraguai","Paraguay","country"
"PE","Peru","Peru","Perú","country"
"PH","Philippines","Filipinas","Filipinas","country"
"PN","Pitcairn Islands","Ilhas Pitcairn","Islas Pitcairn","country"
"PL","Poland","Polônia","Polonia","country"
"PT","Portugal","Portugal","Portugal","country"
"PR","Puerto Rico","Porto Rico","Puerto Rico","country"
"QA","Qatar","Catar","Catar","country"
"RE","Réunion","Reunião","Reunión","country"
"RO","Romania","Romênia","Rumanía","country"
"RU","Russia","Rússia","Rusia","country"
"RW","Rwanda","Ruanda","Ruanda","country"
"WS","Samoa","Samoa","Samoa","country"
"SM","San Marino","San Marino","San Marino","country"
"ST","São Tomé & Príncipe","São Tomé e Príncipe","Santo Tomé y Príncipe","country"
"SA","Saudi Arabia","Arábia Saudita","Arabia Saudí","country"
"SN","Senegal","Senegal","Senegal","country"
"RS","Serbia","Sérvia","Serbia","country"
"SC","Seychelles","Seychelles","Seychelles","country"
"SL","Sierra Leone","Serra Leoa","Sierra Leona","country"
"SG","Singapore","Cingapura","Singapur","country"
"SX","Sint Maarten","Sint Maarten","Sint Maarten","country"
"SK","Slovakia","Eslováquia","Eslovaquia","country"
"SI","Slovenia","Eslovênia","Eslovenia","country"
"SB","Solomon Islands","Ilhas Salomão","Islas Salomón","country"
"SO","Somalia","Somália","Somalia","country"
"ZA","South Africa","África do Sul","Sudáfrica","country"
"GS","South Georgia & South Sandwich Islands","Geórgia do Sul e Ilhas Sandwich do Sul","Islas Georgia del Sur y Sandwich del Sur","country"
"KR","South Korea","Coreia do Sul","Corea del Sur","country"
"SS","South Sudan","Sudão do Sul","Sudán del Sur","country"
"ES","Spain","Espanha","España","country"
"LK","Sri Lanka","Sri Lanka","Sri Lanka","country"
"BL","St. Barthélemy","São Bartolomeu","San Bartolomé","country"
"SH","St. Helena","Santa Helena","Santa Elena","country"
"KN","St. Kitts & Nevis","São Cristóvão e Nevis","San Cristóbal y Nieves","country"
"LC","St. Lucia","Santa Lúcia","Santa Lucía","country"
"MF","St. Martin","São Martinho","San Martín","country"
"PM","St. Pierre & Miquelon","Saint Pierre e Miquelon","San Pedro y Miquelón","country"
"VC","St. Vincent & Grenadines","São Vicente e Granadinas","San Vicente y las Granadinas","country"
"SD","Sudan","Sudão","Sudán","country"
"SR","Suriname","Suriname","Surinam","country"
"SJ","Svalbard & Jan Mayen","Svalbard e Jan Mayen","Svalbard y Jan Mayen","country"
"SZ","Swaziland","Suazilândia","Suazilandia","country"
"SE","Sweden","Suécia","Suecia","country"
"CH","Switzerland","Suíça","Suiza","country"
"SY","Syria","Síria","Siria","country"
"TW","Taiwan","Taiwan","Taiwán","country"
"TJ","Tajikistan","Tajiquistão","Tayikistán","country"
"TZ","Tanzania","Tanzânia","Tanzania","country"
"TH","Thailand","Tailândia","Tailandia","country"
"TL","Timor-Leste","Timor-Leste","Timor Oriental","country"
"TG","Togo","Togo","Togo","country"
"TK","Tokelau","Tokelau","Tokelau","country"
"TO","Tonga","Tonga","Tonga","country"
"TT","Trinidad & Tobago","Trinidad e Tobago","Trinidad y Tobago","country"
"TA","Tristan da Cunha","Tristão da Cunha","Tristán da Cunha","country"
"TN","Tunisia","Tunísia","Túnez","country"
"TR","Turkey","Turquia","Turquía","country"
"TM","Turkmenistan","Turcomenistão","Turkmenistán","country"
"TC","Turks & Caicos Islands","Ilhas Turks e Caicos","Islas Turcas y Caicos","country"
"TV","Tuvalu","Tuvalu","Tuvalu","country"
"UM","U.S. Outlying Islands","Ilhas Distantes dos EUA","Islas menores alejadas de EE. UU.","country"
"VI","U.S. Virgin Islands","Ilhas Virgens dos EUA","Islas Vírgenes de EE. UU.","country"
"UG","Uganda","Uganda","Uganda","country"
"UA","Ukraine","Ucrânia","Ucrania","country"
"AE","United Arab Emirates","Emirados Árabes Unidos","Emiratos Árabes Unidos","country"
"GB","United Kingdom","Reino Unido","Reino Unido","country"
"US","United States","Estados Unidos","Estados Unidos","country"
"UY","Uruguay","Uruguai","Uruguay","country"
"UZ","Uzbekistan","Uzbequistão","Uzbekistán","country"
"VU","Vanuatu","Vanuatu","Vanuatu","country"
"VA","Vatican City","Cidade do Vaticano","Ciudad del Vaticano","country"
"VE","Venezuela","Venezuela","Venezuela","country"
"VN","Vietnam","Vietnã","Vietnam","country"
"WF","Wallis & Futuna","Wallis e Futuna","Wallis y Futuna","country"
"EH","Western Sahara","Saara Ocidental","Sáhara Occidental","country"
"YE","Yemen","Iêmen","Yemen","country"
"ZM","Zambia","Zâmbia","Zambia","country"
"ZW","Zimbabwe","Zimbábue","Zimbabue","country"
